{
	"credit": "Made with Blockbench",
	"parent": "LogisticsLasers:InventoryNode",
	"texture_size": [64, 64],
	"textures": {
		"0": "Laser Inventory Node/Laser Inventory Node Bottom 64x64",
		"1": "Laser Inventory Node/Laser Inventory Node Side 64x64",
		"2": "Laser Inventory Node/Laser Inventory Node Top 64x64"
	},
	"elements": [
		{
			"name": "Cube",
			"from": [2, 3, 2],
			"to": [14, 4, 14],
			"faces": {
				"north": {"uv": [2, 12, 14, 13], "texture": "#1"},
				"east": {"uv": [2, 12, 14, 13], "texture": "#1"},
				"south": {"uv": [2, 12, 14, 13], "texture": "#1"},
				"west": {"uv": [2, 12, 14, 13], "texture": "#1"},
				"up": {"uv": [2.25, 2.25, 13.75, 13.75], "texture": "#2"},
				"down": {"uv": [2, 2, 14, 14], "texture": "#0"}
			}
		},
		{
			"name": "Cube",
			"from": [3, 1, 3],
			"to": [13, 2, 13],
			"rotation": {"angle": 0, "axis": "y", "origin": [8, 9, 8]},
			"faces": {
				"north": {"uv": [3, 14, 13, 15], "texture": "#1"},
				"east": {"uv": [3, 14, 13, 15], "texture": "#1"},
				"south": {"uv": [3, 14, 13, 15], "texture": "#1"},
				"west": {"uv": [3, 14, 13, 15], "texture": "#1"},
				"up": {"uv": [3, 3, 13, 13], "texture": "#2"},
				"down": {"uv": [3, 3, 13, 13], "texture": "#2"}
			}
		},
		{
			"name": "Cube",
			"from": [7, 4, 7],
			"to": [9, 6, 9],
			"faces": {
				"north": {"uv": [7, 10, 9, 12], "texture": "#1"},
				"east": {"uv": [7, 10, 9, 12], "texture": "#1"},
				"south": {"uv": [7, 10, 9, 12], "texture": "#1"},
				"west": {"uv": [7, 10, 9, 12], "texture": "#1"},
				"up": {"uv": [7, 10, 9, 12], "texture": "#missing"}
			}
		},
		{
			"name": "Cube",
			"from": [7, 6, 6],
			"to": [9, 8, 7],
			"faces": {
				"north": {"uv": [7, 8, 9, 10], "texture": "#1"},
				"east": {"uv": [9, 8, 10, 10], "texture": "#1"},
				"south": {"uv": [7, 8, 9, 10], "texture": "#1"},
				"west": {"uv": [9, 8, 10, 10], "texture": "#1"},
				"up": {"uv": [7, 9, 9, 10], "texture": "#1"},
				"down": {"uv": [7, 9.5, 9, 10.5], "texture": "#1"}
			}
		},
		{
			"name": "Cube",
			"from": [6, 6, 7],
			"to": [7, 8, 9],
			"faces": {
				"north": {"uv": [6, 8, 7, 10], "texture": "#1"},
				"east": {"uv": [7, 9, 9, 11], "texture": "#missing"},
				"south": {"uv": [7, 8, 9, 10], "texture": "#1"},
				"west": {"uv": [7, 8, 9, 10], "texture": "#1"},
				"up": {"uv": [9, 8, 10, 10], "texture": "#1"},
				"down": {"uv": [9, 8, 10, 10], "texture": "#1"}
			}
		},
		{
			"name": "Cube",
			"from": [9, 6, 7],
			"to": [10, 8, 9],
			"faces": {
				"north": {"uv": [9, 8, 10, 10], "texture": "#1"},
				"east": {"uv": [7, 8, 9, 10], "texture": "#1"},
				"south": {"uv": [7, 8, 9, 10], "texture": "#1"},
				"west": {"uv": [7, 10, 9, 12], "texture": "#missing"},
				"up": {"uv": [6, 8, 7, 10], "texture": "#1"},
				"down": {"uv": [9, 8, 10, 10], "texture": "#1"}
			}
		},
		{
			"name": "Cube",
			"from": [7, 6, 9],
			"to": [9, 8, 10],
			"faces": {
				"north": {"uv": [6, 10, 8, 12], "texture": "#missing"},
				"east": {"uv": [9, 8, 10, 10], "texture": "#1"},
				"south": {"uv": [7, 8, 9, 10], "texture": "#1"},
				"west": {"uv": [9, 8, 10, 10], "texture": "#1"},
				"up": {"uv": [7, 7, 9, 8], "texture": "#1"},
				"down": {"uv": [7, 7, 9, 8], "texture": "#1"}
			}
		},
		{
			"name": "Cube",
			"from": [7, 8, 7],
			"to": [9, 9, 9],
			"faces": {
				"north": {"uv": [7, 9, 9, 10], "texture": "#1"},
				"east": {"uv": [7, 9, 9, 10], "texture": "#1"},
				"south": {"uv": [7, 8, 9, 10], "texture": "#1"},
				"west": {"uv": [7, 7, 9, 8], "texture": "#1"},
				"up": {"uv": [7, 8, 9, 10], "texture": "#1"},
				"down": {"uv": [8, 10, 10, 12], "texture": "#missing"}
			}
		},
		{
			"name": "Cube",
			"from": [3, 4, 3],
			"to": [4, 5, 4],
			"faces": {
				"north": {"uv": [3, 11, 4, 12], "texture": "#1"},
				"east": {"uv": [3, 11, 4, 12], "texture": "#1"},
				"south": {"uv": [3, 11, 4, 12], "texture": "#1"},
				"west": {"uv": [3, 11, 4, 12], "texture": "#1"},
				"up": {"uv": [7.5, 7.5, 8.5, 8.5], "texture": "#2"}
			}
		},
		{
			"name": "Cube",
			"from": [3, 4, 12],
			"to": [4, 5, 13],
			"faces": {
				"north": {"uv": [12, 11, 13, 12], "texture": "#1"},
				"east": {"uv": [3, 11, 4, 12], "texture": "#1"},
				"south": {"uv": [3, 11, 4, 12], "texture": "#1"},
				"west": {"uv": [12, 11, 13, 12], "texture": "#1"},
				"up": {"uv": [7.5, 7.75, 8.5, 8.75], "texture": "#2"}
			}
		},
		{
			"name": "Cube",
			"from": [12, 4, 3],
			"to": [13, 5, 4],
			"faces": {
				"north": {"uv": [3, 11, 4, 12], "texture": "#1"},
				"east": {"uv": [3, 11, 4, 12], "texture": "#1"},
				"south": {"uv": [12, 11, 13, 12], "texture": "#1"},
				"west": {"uv": [12, 11, 13, 12], "texture": "#1"},
				"up": {"uv": [7.75, 7.5, 8.75, 8.5], "texture": "#2"}
			}
		},
		{
			"name": "Cube",
			"from": [12, 4, 12],
			"to": [13, 5, 13],
			"faces": {
				"north": {"uv": [12, 11, 13, 12], "texture": "#1"},
				"east": {"uv": [12, 11, 13, 12], "texture": "#1"},
				"south": {"uv": [12, 11, 13, 12], "texture": "#1"},
				"west": {"uv": [12, 11, 13, 12], "texture": "#1"},
				"up": {"uv": [7.75, 7.75, 8.75, 8.75], "texture": "#2"}
			}
		},
		{
			"name": "Cube",
			"from": [6, 0, 6.25],
			"to": [10, 1, 10.25],
			"rotation": {"angle": 0, "axis": "y", "origin": [13.25, 8, 14.25]},
			"faces": {
				"north": {"uv": [6, 15, 10, 16], "texture": "#1"},
				"east": {"uv": [6, 15, 10, 16], "texture": "#1"},
				"south": {"uv": [6, 15, 10, 16], "texture": "#1"},
				"west": {"uv": [6, 15, 10, 16], "texture": "#1"},
				"up": {"uv": [6, 6, 10, 10], "texture": "#0"},
				"down": {"uv": [6, 6, 10, 10], "texture": "#0"}
			}
		},
		{
			"from": [6.5, 5.5, 6.5],
			"to": [9.5, 8.5, 9.5],
			"rotation": {"angle": 0, "axis": "y", "origin": [8, 4.03553, 14.28553]},
			"faces": {
				"north": {"uv": [7, 8, 9, 10], "texture": "#1"},
				"east": {"uv": [7, 8, 9, 10], "texture": "#1"},
				"south": {"uv": [7, 8, 9, 10], "texture": "#1"},
				"west": {"uv": [7, 8, 9, 10], "texture": "#1"},
				"up": {"uv": [7, 8, 9, 10], "texture": "#1"},
				"down": {"uv": [7, 8, 9, 10], "texture": "#1"}
			}
		},
		{
			"name": "Cube",
			"from": [1, 2, 1],
			"to": [15, 3, 15],
			"faces": {
				"north": {"uv": [1, 13, 15, 14], "texture": "#1"},
				"east": {"uv": [1, 13, 15, 14], "texture": "#1"},
				"south": {"uv": [1, 13, 15, 14], "texture": "#1"},
				"west": {"uv": [1, 13, 15, 14], "texture": "#1"},
				"up": {"uv": [1, 1, 15, 15], "texture": "#0"},
				"down": {"uv": [1, 1, 15, 15], "texture": "#2"}
			}
		},
		{
			"name": "Redstone Wire",
			"from": [3.5, 4.25, 4],
			"to": [3.75, 4.5, 6.5],
			"rotation": {"angle": 0, "axis": "y", "origin": [11.5, 12.25, 12]},
			"faces": {
				"north": {"uv": [6, 8, 10, 8.25], "texture": "#1"},
				"east": {"uv": [6, 8, 10, 8.25], "texture": "#1"},
				"south": {"uv": [6, 8, 10, 8.25], "texture": "#1"},
				"west": {"uv": [6, 8, 10, 8.25], "texture": "#1"},
				"up": {"uv": [6, 8, 10, 8.25], "rotation": 90, "texture": "#1"},
				"down": {"uv": [6, 8, 10, 8.25], "texture": "#1"}
			}
		},
		{
			"name": "Redstone Wire",
			"from": [3.5, 4.25, 6.5],
			"to": [7.75, 4.5, 6.75],
			"rotation": {"angle": 0, "axis": "y", "origin": [11.5, 12.25, 14.5]},
			"faces": {
				"north": {"uv": [6, 8, 10, 8.25], "texture": "#1"},
				"east": {"uv": [6, 8, 6.25, 8.25], "texture": "#1"},
				"south": {"uv": [6, 8, 10, 8.25], "texture": "#1"},
				"west": {"uv": [6, 8, 6.25, 8.25], "texture": "#1"},
				"up": {"uv": [6, 8, 10, 8.25], "texture": "#1"},
				"down": {"uv": [6, 8, 10, 8.25], "texture": "#1"}
			}
		},
		{
			"name": "Redstone Wire",
			"from": [7.5, 4.25, 6.75],
			"to": [7.75, 4.5, 7],
			"rotation": {"angle": 0, "axis": "y", "origin": [15.5, 12.25, 14.75]},
			"faces": {
				"north": {"uv": [6, 8, 6.25, 8.25], "texture": "#1"},
				"east": {"uv": [6, 8, 6.25, 8.25], "texture": "#1"},
				"south": {"uv": [6, 8, 6.25, 8.25], "texture": "#1"},
				"west": {"uv": [6, 8, 6.25, 8.25], "texture": "#1"},
				"up": {"uv": [6, 8, 6.25, 8.25], "texture": "#1"},
				"down": {"uv": [6, 8, 6.25, 8.25], "texture": "#1"}
			}
		},
		{
			"name": "Redstone Wire",
			"from": [12.25, 4.25, 4],
			"to": [12.5, 4.5, 6.5],
			"rotation": {"angle": 0, "axis": "y", "origin": [20.25, 12.25, 12]},
			"faces": {
				"north": {"uv": [6, 8, 10, 8.25], "texture": "#1"},
				"east": {"uv": [6, 8, 10, 8.25], "texture": "#1"},
				"south": {"uv": [6, 8, 10, 8.25], "texture": "#1"},
				"west": {"uv": [6, 8, 10, 8.25], "texture": "#1"},
				"up": {"uv": [6, 8, 10, 8.25], "rotation": 90, "texture": "#1"},
				"down": {"uv": [6, 8, 10, 8.25], "rotation": 90, "texture": "#1"}
			}
		},
		{
			"name": "Redstone Wire",
			"from": [8.25, 4.25, 6.5],
			"to": [12.5, 4.5, 6.75],
			"rotation": {"angle": 0, "axis": "y", "origin": [16.25, 12.25, 14.5]},
			"faces": {
				"north": {"uv": [6, 8, 10, 8.25], "texture": "#1"},
				"east": {"uv": [6, 8, 6.25, 8.25], "texture": "#1"},
				"south": {"uv": [6, 8, 10, 8.25], "texture": "#1"},
				"west": {"uv": [6, 8, 6.25, 8.25], "texture": "#1"},
				"up": {"uv": [6, 8, 10, 8.25], "texture": "#1"},
				"down": {"uv": [6, 8, 10, 8.25], "texture": "#1"}
			}
		},
		{
			"name": "Redstone Wire",
			"from": [8.25, 4.25, 6.75],
			"to": [8.5, 4.5, 7],
			"rotation": {"angle": 0, "axis": "y", "origin": [16.25, 12.25, 14.75]},
			"faces": {
				"north": {"uv": [6, 8, 6.25, 8.25], "texture": "#1"},
				"east": {"uv": [6, 8, 6.25, 8.25], "texture": "#1"},
				"south": {"uv": [6, 8, 6.25, 8.25], "texture": "#1"},
				"west": {"uv": [6, 8, 6.25, 8.25], "texture": "#1"},
				"up": {"uv": [6, 8, 6.25, 8.25], "texture": "#1"},
				"down": {"uv": [6.5, 8, 6.75, 8.25], "texture": "#1"}
			}
		},
		{
			"name": "Redstone Wire",
			"from": [3.5, 4.25, 9.5],
			"to": [3.75, 4.5, 12],
			"rotation": {"angle": 0, "axis": "y", "origin": [11.5, 12.25, 17.5]},
			"faces": {
				"north": {"uv": [6, 8, 10, 8.25], "texture": "#1"},
				"east": {"uv": [6, 8, 10, 8.25], "texture": "#1"},
				"south": {"uv": [6, 8, 10, 8.25], "texture": "#1"},
				"west": {"uv": [6, 8, 10, 8.25], "texture": "#1"},
				"up": {"uv": [6, 8, 10, 8.25], "rotation": 90, "texture": "#1"},
				"down": {"uv": [6, 8, 10, 8.25], "rotation": 90, "texture": "#1"}
			}
		},
		{
			"name": "Redstone Wire",
			"from": [3.5, 4.25, 9.25],
			"to": [7.75, 4.5, 9.5],
			"rotation": {"angle": 0, "axis": "y", "origin": [11.5, 12.25, 17.25]},
			"faces": {
				"north": {"uv": [6, 8, 10, 8.25], "texture": "#1"},
				"east": {"uv": [6, 8, 6.25, 8.25], "texture": "#1"},
				"south": {"uv": [6, 8, 10, 8.25], "texture": "#1"},
				"west": {"uv": [6, 8, 6.25, 8.25], "texture": "#1"},
				"up": {"uv": [6, 8, 10, 8.25], "texture": "#1"},
				"down": {"uv": [6, 8, 10, 8.25], "texture": "#1"}
			}
		},
		{
			"name": "Redstone Wire",
			"from": [7.5, 4.25, 9],
			"to": [7.75, 4.5, 9.25],
			"rotation": {"angle": 0, "axis": "y", "origin": [15.5, 12.25, 17]},
			"faces": {
				"north": {"uv": [6, 8, 6.25, 8.25], "texture": "#1"},
				"east": {"uv": [6, 8, 6.25, 8.25], "texture": "#1"},
				"south": {"uv": [6, 8, 6.25, 8.25], "texture": "#1"},
				"west": {"uv": [6, 8, 6.25, 8.25], "texture": "#1"},
				"up": {"uv": [6, 8, 6.25, 8.25], "texture": "#1"},
				"down": {"uv": [6, 8, 6.25, 8.25], "texture": "#1"}
			}
		},
		{
			"name": "Redstone Wire",
			"from": [12.25, 4.25, 9.5],
			"to": [12.5, 4.5, 12],
			"rotation": {"angle": 0, "axis": "y", "origin": [20.25, 12.25, 17.5]},
			"faces": {
				"north": {"uv": [6, 8, 10, 8.25], "texture": "#1"},
				"east": {"uv": [6, 8, 10, 8.25], "texture": "#1"},
				"south": {"uv": [6, 8, 10, 8.25], "texture": "#1"},
				"west": {"uv": [6, 8, 10, 8.25], "texture": "#1"},
				"up": {"uv": [6, 8, 10, 8.25], "rotation": 90, "texture": "#1"},
				"down": {"uv": [6, 8, 10, 8.25], "rotation": 90, "texture": "#1"}
			}
		},
		{
			"name": "Redstone Wire",
			"from": [8.25, 4.25, 9.25],
			"to": [12.5, 4.5, 9.5],
			"rotation": {"angle": 0, "axis": "y", "origin": [16.25, 12.25, 17.25]},
			"faces": {
				"north": {"uv": [6, 8, 10, 8.25], "texture": "#1"},
				"east": {"uv": [6, 8, 6.25, 8.25], "texture": "#1"},
				"south": {"uv": [6, 8, 10, 8.25], "texture": "#1"},
				"west": {"uv": [6, 8, 6.25, 8.25], "texture": "#1"},
				"up": {"uv": [6, 8, 10, 8.25], "texture": "#1"},
				"down": {"uv": [6, 8, 10, 8.25], "texture": "#1"}
			}
		},
		{
			"name": "Redstone Wire",
			"from": [8.25, 4.25, 9],
			"to": [8.5, 4.5, 9.25],
			"rotation": {"angle": 0, "axis": "y", "origin": [16.25, 12.25, 17]},
			"faces": {
				"north": {"uv": [6, 8, 6.25, 8.25], "texture": "#1"},
				"east": {"uv": [6, 8, 6.25, 8.25], "texture": "#1"},
				"south": {"uv": [6, 8, 6.25, 8.25], "texture": "#1"},
				"west": {"uv": [6, 8, 6.25, 8.25], "texture": "#1"},
				"up": {"uv": [6, 8, 6.25, 8.25], "texture": "#1"},
				"down": {"uv": [6, 8, 6.25, 8.25], "texture": "#1"}
			}
		},
		{
			"name": "Wire Support Base",
			"from": [3.25, 4, 4.5],
			"to": [4, 4.25, 4.75],
			"rotation": {"angle": 0, "axis": "y", "origin": [11.25, 12, 12.5]},
			"faces": {
				"north": {"uv": [7.5, 7.25, 8.5, 7.5], "texture": "#0"},
				"east": {"uv": [7.5, 7.25, 8.5, 7.5], "texture": "#0"},
				"south": {"uv": [7.5, 7.25, 8.5, 7.5], "texture": "#0"},
				"west": {"uv": [7.5, 7.25, 8.5, 7.5], "texture": "#0"},
				"up": {"uv": [7.5, 7.25, 8.5, 7.5], "texture": "#0"},
				"down": {"uv": [7.5, 7.25, 8.5, 7.5], "texture": "#0"}
			}
		},
		{
			"name": "Wire Support Side",
			"from": [3.25, 4.25, 4.5],
			"to": [3.5, 4.5, 4.75],
			"rotation": {"angle": 0, "axis": "y", "origin": [11.25, 12.25, 12.5]},
			"faces": {
				"north": {"uv": [7.5, 7.25, 7.5625, 7.3125], "texture": "#0"},
				"east": {"uv": [7.5, 7.25, 7.5625, 7.3125], "texture": "#0"},
				"south": {"uv": [7.5, 7.25, 8.5, 7.5], "texture": "#0"},
				"west": {"uv": [7.5, 7.25, 7.5625, 7.3125], "texture": "#0"},
				"up": {"uv": [7.5, 7.25, 7.5625, 7.3125], "texture": "#0"},
				"down": {"uv": [7.5, 7.25, 7.5625, 7.3125], "texture": "#0"}
			}
		},
		{
			"name": "Wire Support Side",
			"from": [3.75, 4.25, 4.5],
			"to": [4, 4.5, 4.75],
			"rotation": {"angle": 0, "axis": "y", "origin": [11.75, 12.25, 12.5]},
			"faces": {
				"north": {"uv": [7.5, 7.25, 8.5, 7.5], "texture": "#0"},
				"east": {"uv": [7.5, 7.25, 8.5, 7.5], "texture": "#0"},
				"south": {"uv": [7.5, 7.25, 8.5, 7.5], "texture": "#0"},
				"west": {"uv": [7.5, 7.25, 8.5, 7.5], "texture": "#0"},
				"up": {"uv": [7.5, 7.25, 8.5, 7.5], "texture": "#0"},
				"down": {"uv": [7.5, 7.25, 8.5, 7.5], "texture": "#0"}
			}
		},
		{
			"name": "Wire Support Base",
			"from": [3.25, 4, 6],
			"to": [4, 4.25, 6.25],
			"rotation": {"angle": 0, "axis": "y", "origin": [11.25, 12, 14]},
			"faces": {
				"north": {"uv": [7.5, 7.25, 8.5, 7.5], "texture": "#0"},
				"east": {"uv": [7.5, 7.25, 8.5, 7.5], "texture": "#0"},
				"south": {"uv": [7.5, 7.25, 8.5, 7.5], "texture": "#0"},
				"west": {"uv": [7.5, 7.25, 8.5, 7.5], "texture": "#0"},
				"up": {"uv": [7.5, 7.25, 8.5, 7.5], "texture": "#0"},
				"down": {"uv": [7.5, 7.25, 8.5, 7.5], "texture": "#0"}
			}
		},
		{
			"name": "Wire Support Side",
			"from": [3.25, 4.25, 6],
			"to": [3.5, 4.5, 6.25],
			"rotation": {"angle": 0, "axis": "y", "origin": [11.25, 12.25, 14]},
			"faces": {
				"north": {"uv": [7.5, 7.25, 7.5625, 7.3125], "texture": "#0"},
				"east": {"uv": [7.5, 7.25, 7.5625, 7.3125], "texture": "#0"},
				"south": {"uv": [7.5, 7.25, 8.5, 7.5], "texture": "#0"},
				"west": {"uv": [7.5, 7.25, 7.5625, 7.3125], "texture": "#0"},
				"up": {"uv": [7.5, 7.25, 7.5625, 7.3125], "texture": "#0"},
				"down": {"uv": [7.5, 7.25, 7.5625, 7.3125], "texture": "#0"}
			}
		},
		{
			"name": "Wire Support Side",
			"from": [3.75, 4.25, 6],
			"to": [4, 4.5, 6.25],
			"rotation": {"angle": 0, "axis": "y", "origin": [11.75, 12.25, 14]},
			"faces": {
				"north": {"uv": [7.5, 7.25, 8.5, 7.5], "texture": "#0"},
				"east": {"uv": [7.5, 7.25, 8.5, 7.5], "texture": "#0"},
				"south": {"uv": [7.5, 7.25, 8.5, 7.5], "texture": "#0"},
				"west": {"uv": [7.5, 7.25, 8.5, 7.5], "texture": "#0"},
				"up": {"uv": [7.5, 7.25, 8.5, 7.5], "texture": "#0"},
				"down": {"uv": [7.5, 7.25, 8.5, 7.5], "texture": "#0"}
			}
		},
		{
			"name": "Wire Support Base",
			"from": [12, 4, 4.5],
			"to": [12.75, 4.25, 4.75],
			"rotation": {"angle": 0, "axis": "y", "origin": [20, 12, 12.5]},
			"faces": {
				"north": {"uv": [7.5, 7.25, 8.5, 7.5], "texture": "#0"},
				"east": {"uv": [7.5, 7.25, 8.5, 7.5], "texture": "#0"},
				"south": {"uv": [7.5, 7.25, 8.5, 7.5], "texture": "#0"},
				"west": {"uv": [7.5, 7.25, 8.5, 7.5], "texture": "#0"},
				"up": {"uv": [7.5, 7.25, 8.5, 7.5], "texture": "#0"},
				"down": {"uv": [7.5, 7.25, 8.5, 7.5], "texture": "#0"}
			}
		},
		{
			"name": "Wire Support Base",
			"from": [12, 4, 9.75],
			"to": [12.75, 4.25, 10],
			"rotation": {"angle": 0, "axis": "y", "origin": [20, 12, 17.75]},
			"faces": {
				"north": {"uv": [7.5, 7.25, 8.5, 7.5], "texture": "#0"},
				"east": {"uv": [7.5, 7.25, 8.5, 7.5], "texture": "#0"},
				"south": {"uv": [7.5, 7.25, 8.5, 7.5], "texture": "#0"},
				"west": {"uv": [7.5, 7.25, 8.5, 7.5], "texture": "#0"},
				"up": {"uv": [7.5, 7.25, 8.5, 7.5], "texture": "#0"},
				"down": {"uv": [7.5, 7.25, 8.5, 7.5], "texture": "#0"}
			}
		},
		{
			"name": "Wire Support Base",
			"from": [3.25, 4, 9.75],
			"to": [4, 4.25, 10],
			"rotation": {"angle": 0, "axis": "y", "origin": [11.25, 12, 17.75]},
			"faces": {
				"north": {"uv": [7.5, 7.25, 8.5, 7.5], "texture": "#0"},
				"east": {"uv": [7.5, 7.25, 8.5, 7.5], "texture": "#0"},
				"south": {"uv": [7.5, 7.25, 8.5, 7.5], "texture": "#0"},
				"west": {"uv": [7.5, 7.25, 8.5, 7.5], "texture": "#0"},
				"up": {"uv": [7.5, 7.25, 8.5, 7.5], "texture": "#0"},
				"down": {"uv": [7.5, 7.25, 8.5, 7.5], "texture": "#0"}
			}
		},
		{
			"name": "Wire Support Side",
			"from": [12, 4.25, 4.5],
			"to": [12.25, 4.5, 4.75],
			"rotation": {"angle": 0, "axis": "y", "origin": [20, 12.25, 12.5]},
			"faces": {
				"north": {"uv": [7.5, 7.25, 7.5625, 7.3125], "texture": "#0"},
				"east": {"uv": [7.5, 7.25, 7.5625, 7.3125], "texture": "#0"},
				"south": {"uv": [7.5, 7.25, 8.5, 7.5], "texture": "#0"},
				"west": {"uv": [7.5, 7.25, 7.5625, 7.3125], "texture": "#0"},
				"up": {"uv": [7.5, 7.25, 7.5625, 7.3125], "texture": "#0"},
				"down": {"uv": [7.5, 7.25, 7.5625, 7.3125], "texture": "#0"}
			}
		},
		{
			"name": "Wire Support Side",
			"from": [12, 4.25, 9.75],
			"to": [12.25, 4.5, 10],
			"rotation": {"angle": 0, "axis": "y", "origin": [20, 12.25, 17.75]},
			"faces": {
				"north": {"uv": [7.5, 7.25, 7.5625, 7.3125], "texture": "#0"},
				"east": {"uv": [7.5, 7.25, 7.5625, 7.3125], "texture": "#0"},
				"south": {"uv": [7.5, 7.25, 8.5, 7.5], "texture": "#0"},
				"west": {"uv": [7.5, 7.25, 7.5625, 7.3125], "texture": "#0"},
				"up": {"uv": [7.5, 7.25, 7.5625, 7.3125], "texture": "#0"},
				"down": {"uv": [7.5, 7.25, 7.5625, 7.3125], "texture": "#0"}
			}
		},
		{
			"name": "Wire Support Side",
			"from": [3.25, 4.25, 9.75],
			"to": [3.5, 4.5, 10],
			"rotation": {"angle": 0, "axis": "y", "origin": [11.25, 12.25, 17.75]},
			"faces": {
				"north": {"uv": [7.5, 7.25, 7.5625, 7.3125], "texture": "#0"},
				"east": {"uv": [7.5, 7.25, 7.5625, 7.3125], "texture": "#0"},
				"south": {"uv": [7.5, 7.25, 8.5, 7.5], "texture": "#0"},
				"west": {"uv": [7.5, 7.25, 7.5625, 7.3125], "texture": "#0"},
				"up": {"uv": [7.5, 7.25, 7.5625, 7.3125], "texture": "#0"},
				"down": {"uv": [7.5, 7.25, 7.5625, 7.3125], "texture": "#0"}
			}
		},
		{
			"name": "Wire Support Side",
			"from": [12.5, 4.25, 4.5],
			"to": [12.75, 4.5, 4.75],
			"rotation": {"angle": 0, "axis": "y", "origin": [20.5, 12.25, 12.5]},
			"faces": {
				"north": {"uv": [7.5, 7.25, 8.5, 7.5], "texture": "#0"},
				"east": {"uv": [7.5, 7.25, 8.5, 7.5], "texture": "#0"},
				"south": {"uv": [7.5, 7.25, 8.5, 7.5], "texture": "#0"},
				"west": {"uv": [7.5, 7.25, 8.5, 7.5], "texture": "#0"},
				"up": {"uv": [7.5, 7.25, 8.5, 7.5], "texture": "#0"},
				"down": {"uv": [7.5, 7.25, 8.5, 7.5], "texture": "#0"}
			}
		},
		{
			"name": "Wire Support Side",
			"from": [12.5, 4.25, 9.75],
			"to": [12.75, 4.5, 10],
			"rotation": {"angle": 0, "axis": "y", "origin": [20.5, 12.25, 17.75]},
			"faces": {
				"north": {"uv": [7.5, 7.25, 8.5, 7.5], "texture": "#0"},
				"east": {"uv": [7.5, 7.25, 8.5, 7.5], "texture": "#0"},
				"south": {"uv": [7.5, 7.25, 8.5, 7.5], "texture": "#0"},
				"west": {"uv": [7.5, 7.25, 8.5, 7.5], "texture": "#0"},
				"up": {"uv": [7.5, 7.25, 8.5, 7.5], "texture": "#0"},
				"down": {"uv": [7.5, 7.25, 8.5, 7.5], "texture": "#0"}
			}
		},
		{
			"name": "Wire Support Side",
			"from": [3.75, 4.25, 9.75],
			"to": [4, 4.5, 10],
			"rotation": {"angle": 0, "axis": "y", "origin": [11.75, 12.25, 17.75]},
			"faces": {
				"north": {"uv": [7.5, 7.25, 8.5, 7.5], "texture": "#0"},
				"east": {"uv": [7.5, 7.25, 8.5, 7.5], "texture": "#0"},
				"south": {"uv": [7.5, 7.25, 8.5, 7.5], "texture": "#0"},
				"west": {"uv": [7.5, 7.25, 8.5, 7.5], "texture": "#0"},
				"up": {"uv": [7.5, 7.25, 8.5, 7.5], "texture": "#0"},
				"down": {"uv": [7.5, 7.25, 8.5, 7.5], "texture": "#0"}
			}
		},
		{
			"name": "Wire Support Side",
			"from": [3.75, 4.25, 11.25],
			"to": [4, 4.5, 11.5],
			"rotation": {"angle": 0, "axis": "y", "origin": [11.75, 12.25, 19.25]},
			"faces": {
				"north": {"uv": [7.5, 7.25, 8.5, 7.5], "texture": "#0"},
				"east": {"uv": [7.5, 7.25, 8.5, 7.5], "texture": "#0"},
				"south": {"uv": [7.5, 7.25, 8.5, 7.5], "texture": "#0"},
				"west": {"uv": [7.5, 7.25, 8.5, 7.5], "texture": "#0"},
				"up": {"uv": [7.5, 7.25, 8.5, 7.5], "texture": "#0"},
				"down": {"uv": [7.5, 7.25, 8.5, 7.5], "texture": "#0"}
			}
		},
		{
			"name": "Wire Support Base",
			"from": [12, 4, 6],
			"to": [12.75, 4.25, 6.25],
			"rotation": {"angle": 0, "axis": "y", "origin": [20, 12, 14]},
			"faces": {
				"north": {"uv": [7.5, 7.25, 8.5, 7.5], "texture": "#0"},
				"east": {"uv": [7.5, 7.25, 8.5, 7.5], "texture": "#0"},
				"south": {"uv": [7.5, 7.25, 8.5, 7.5], "texture": "#0"},
				"west": {"uv": [7.5, 7.25, 8.5, 7.5], "texture": "#0"},
				"up": {"uv": [7.5, 7.25, 8.5, 7.5], "texture": "#0"},
				"down": {"uv": [7.5, 7.25, 8.5, 7.5], "texture": "#0"}
			}
		},
		{
			"name": "Wire Support Base",
			"from": [12, 4, 11.25],
			"to": [12.75, 4.25, 11.5],
			"rotation": {"angle": 0, "axis": "y", "origin": [20, 12, 19.25]},
			"faces": {
				"north": {"uv": [7.5, 7.25, 8.5, 7.5], "texture": "#0"},
				"east": {"uv": [7.5, 7.25, 8.5, 7.5], "texture": "#0"},
				"south": {"uv": [7.5, 7.25, 8.5, 7.5], "texture": "#0"},
				"west": {"uv": [7.5, 7.25, 8.5, 7.5], "texture": "#0"},
				"up": {"uv": [7.5, 7.25, 8.5, 7.5], "texture": "#0"},
				"down": {"uv": [7.5, 7.25, 8.5, 7.5], "texture": "#0"}
			}
		},
		{
			"name": "Wire Support Base",
			"from": [3.25, 4, 11.25],
			"to": [4, 4.25, 11.5],
			"rotation": {"angle": 0, "axis": "y", "origin": [11.25, 12, 19.25]},
			"faces": {
				"north": {"uv": [7.5, 7.25, 8.5, 7.5], "texture": "#0"},
				"east": {"uv": [7.5, 7.25, 8.5, 7.5], "texture": "#0"},
				"south": {"uv": [7.5, 7.25, 8.5, 7.5], "texture": "#0"},
				"west": {"uv": [7.5, 7.25, 8.5, 7.5], "texture": "#0"},
				"up": {"uv": [7.5, 7.25, 8.5, 7.5], "texture": "#0"},
				"down": {"uv": [7.5, 7.25, 8.5, 7.5], "texture": "#0"}
			}
		},
		{
			"name": "Wire Support Side",
			"from": [12, 4.25, 6],
			"to": [12.25, 4.5, 6.25],
			"rotation": {"angle": 0, "axis": "y", "origin": [20, 12.25, 14]},
			"faces": {
				"north": {"uv": [7.5, 7.25, 7.5625, 7.3125], "texture": "#0"},
				"east": {"uv": [7.5, 7.25, 7.5625, 7.3125], "texture": "#0"},
				"south": {"uv": [7.5, 7.25, 8.5, 7.5], "texture": "#0"},
				"west": {"uv": [7.5, 7.25, 7.5625, 7.3125], "texture": "#0"},
				"up": {"uv": [7.5, 7.25, 7.5625, 7.3125], "texture": "#0"},
				"down": {"uv": [7.5, 7.25, 7.5625, 7.3125], "texture": "#0"}
			}
		},
		{
			"name": "Wire Support Side",
			"from": [12, 4.25, 11.25],
			"to": [12.25, 4.5, 11.5],
			"rotation": {"angle": 0, "axis": "y", "origin": [20, 12.25, 19.25]},
			"faces": {
				"north": {"uv": [7.5, 7.25, 7.5625, 7.3125], "texture": "#0"},
				"east": {"uv": [7.5, 7.25, 7.5625, 7.3125], "texture": "#0"},
				"south": {"uv": [7.5, 7.25, 8.5, 7.5], "texture": "#0"},
				"west": {"uv": [7.5, 7.25, 7.5625, 7.3125], "texture": "#0"},
				"up": {"uv": [7.5, 7.25, 7.5625, 7.3125], "texture": "#0"},
				"down": {"uv": [7.5, 7.25, 7.5625, 7.3125], "texture": "#0"}
			}
		},
		{
			"name": "Wire Support Side",
			"from": [3.25, 4.25, 11.25],
			"to": [3.5, 4.5, 11.5],
			"rotation": {"angle": 0, "axis": "y", "origin": [11.25, 12.25, 19.25]},
			"faces": {
				"north": {"uv": [7.5, 7.25, 7.5625, 7.3125], "texture": "#0"},
				"east": {"uv": [7.5, 7.25, 7.5625, 7.3125], "texture": "#0"},
				"south": {"uv": [7.5, 7.25, 8.5, 7.5], "texture": "#0"},
				"west": {"uv": [7.5, 7.25, 7.5625, 7.3125], "texture": "#0"},
				"up": {"uv": [7.5, 7.25, 7.5625, 7.3125], "texture": "#0"},
				"down": {"uv": [7.5, 7.25, 7.5625, 7.3125], "texture": "#0"}
			}
		},
		{
			"name": "Wire Support Side",
			"from": [12.5, 4.25, 6],
			"to": [12.75, 4.5, 6.25],
			"rotation": {"angle": 0, "axis": "y", "origin": [20.5, 12.25, 14]},
			"faces": {
				"north": {"uv": [7.5, 7.25, 8.5, 7.5], "texture": "#0"},
				"east": {"uv": [7.5, 7.25, 8.5, 7.5], "texture": "#0"},
				"south": {"uv": [7.5, 7.25, 8.5, 7.5], "texture": "#0"},
				"west": {"uv": [7.5, 7.25, 8.5, 7.5], "texture": "#0"},
				"up": {"uv": [7.5, 7.25, 8.5, 7.5], "texture": "#0"},
				"down": {"uv": [7.5, 7.25, 8.5, 7.5], "texture": "#0"}
			}
		},
		{
			"name": "Wire Support Side",
			"from": [12.5, 4.25, 11.25],
			"to": [12.75, 4.5, 11.5],
			"rotation": {"angle": 0, "axis": "y", "origin": [20.5, 12.25, 19.25]},
			"faces": {
				"north": {"uv": [7.5, 7.25, 8.5, 7.5], "texture": "#0"},
				"east": {"uv": [7.5, 7.25, 8.5, 7.5], "texture": "#0"},
				"south": {"uv": [7.5, 7.25, 8.5, 7.5], "texture": "#0"},
				"west": {"uv": [7.5, 7.25, 8.5, 7.5], "texture": "#0"},
				"up": {"uv": [7.5, 7.25, 8.5, 7.5], "texture": "#0"},
				"down": {"uv": [7.5, 7.25, 8.5, 7.5], "texture": "#0"}
			}
		},
		{
			"name": "Wire Support Base",
			"from": [11.5, 4, 6.25],
			"to": [11.75, 4.25, 7],
			"rotation": {"angle": 0, "axis": "y", "origin": [19.5, 12, 14.25]},
			"faces": {
				"north": {"uv": [7.5, 7.25, 8.5, 7.5], "texture": "#0"},
				"east": {"uv": [7.5, 7.25, 8.5, 7.5], "texture": "#0"},
				"south": {"uv": [7.5, 7.25, 8.5, 7.5], "texture": "#0"},
				"west": {"uv": [7.5, 7.25, 8.5, 7.5], "texture": "#0"},
				"up": {"uv": [7.5, 7.25, 8.5, 7.5], "texture": "#0"},
				"down": {"uv": [7.5, 7.25, 8.5, 7.5], "texture": "#0"}
			}
		},
		{
			"name": "Wire Support Base",
			"from": [7, 4, 6.25],
			"to": [7.25, 4.25, 7],
			"rotation": {"angle": 0, "axis": "y", "origin": [15, 12, 14.25]},
			"faces": {
				"north": {"uv": [7.5, 7.25, 7.5625, 7.3125], "texture": "#0"},
				"east": {"uv": [7.5, 7.25, 7.6875, 7.3125], "texture": "#0"},
				"south": {"uv": [7.5, 7.25, 7.5625, 7.3125], "texture": "#0"},
				"west": {"uv": [7.5, 7.25, 7.6875, 7.3125], "texture": "#0"},
				"up": {"uv": [7.5, 7.25, 7.5625, 7.4375], "texture": "#0"},
				"down": {"uv": [7.5, 7.25, 7.5625, 7.4375], "texture": "#0"}
			}
		},
		{
			"name": "Wire Support Base",
			"from": [11.5, 4, 9],
			"to": [11.75, 4.25, 9.75],
			"rotation": {"angle": 0, "axis": "y", "origin": [19.5, 12, 17]},
			"faces": {
				"north": {"uv": [7.5, 7.25, 7.5625, 7.3125], "texture": "#0"},
				"east": {"uv": [7.5, 7.25, 7.6875, 7.3125], "texture": "#0"},
				"south": {"uv": [7.5, 7.25, 7.5625, 7.3125], "texture": "#0"},
				"west": {"uv": [7.5, 7.25, 7.6875, 7.3125], "texture": "#0"},
				"up": {"uv": [7.5, 7.25, 7.5625, 7.4375], "texture": "#0"},
				"down": {"uv": [7.5, 7.25, 7.5625, 7.4375], "texture": "#0"}
			}
		},
		{
			"name": "Wire Support Base",
			"from": [7, 4, 9],
			"to": [7.25, 4.25, 9.75],
			"rotation": {"angle": 0, "axis": "y", "origin": [15, 12, 17]},
			"faces": {
				"north": {"uv": [7.5, 7.25, 7.5625, 7.3125], "texture": "#0"},
				"east": {"uv": [7.5, 7.25, 7.6875, 7.3125], "texture": "#0"},
				"south": {"uv": [7.5, 7.25, 7.5625, 7.3125], "texture": "#0"},
				"west": {"uv": [7.5, 7.25, 7.6875, 7.3125], "texture": "#0"},
				"up": {"uv": [7.5, 7.25, 7.5625, 7.4375], "texture": "#0"},
				"down": {"uv": [7.5, 7.25, 7.5625, 7.4375], "texture": "#0"}
			}
		},
		{
			"name": "Wire Support Base",
			"from": [8.75, 4, 6.25],
			"to": [9, 4.25, 7],
			"rotation": {"angle": 0, "axis": "y", "origin": [16.75, 12, 14.25]},
			"faces": {
				"north": {"uv": [7.5, 7.25, 7.5625, 7.3125], "texture": "#0"},
				"east": {"uv": [7.5, 7.25, 7.6875, 7.3125], "texture": "#0"},
				"south": {"uv": [7.5, 7.25, 7.5625, 7.3125], "texture": "#0"},
				"west": {"uv": [7.5, 7.25, 7.6875, 7.3125], "texture": "#0"},
				"up": {"uv": [7.5, 7.25, 7.5625, 7.4375], "texture": "#0"},
				"down": {"uv": [7.5, 7.25, 7.5625, 7.4375], "texture": "#0"}
			}
		},
		{
			"name": "Wire Support Base",
			"from": [4.25, 4, 6.25],
			"to": [4.5, 4.25, 7],
			"rotation": {"angle": 0, "axis": "y", "origin": [12.25, 12, 14.25]},
			"faces": {
				"north": {"uv": [7.5, 7.25, 7.5625, 7.3125], "texture": "#0"},
				"east": {"uv": [7.5, 7.25, 7.6875, 7.3125], "texture": "#0"},
				"south": {"uv": [7.5, 7.25, 7.5625, 7.3125], "texture": "#0"},
				"west": {"uv": [7.5, 7.25, 7.6875, 7.3125], "texture": "#0"},
				"up": {"uv": [7.5, 7.25, 7.5625, 7.4375], "texture": "#0"},
				"down": {"uv": [7.5, 7.25, 7.5625, 7.4375], "texture": "#0"}
			}
		},
		{
			"name": "Wire Support Base",
			"from": [8.75, 4, 9],
			"to": [9, 4.25, 9.75],
			"rotation": {"angle": 0, "axis": "y", "origin": [16.75, 12, 17]},
			"faces": {
				"north": {"uv": [7.5, 7.25, 7.5625, 7.3125], "texture": "#0"},
				"east": {"uv": [7.5, 7.25, 7.6875, 7.3125], "texture": "#0"},
				"south": {"uv": [7.5, 7.25, 7.5625, 7.3125], "texture": "#0"},
				"west": {"uv": [7.5, 7.25, 7.6875, 7.3125], "texture": "#0"},
				"up": {"uv": [7.5, 7.25, 7.5625, 7.4375], "texture": "#0"},
				"down": {"uv": [7.5, 7.25, 7.5625, 7.4375], "texture": "#0"}
			}
		},
		{
			"name": "Wire Support Base",
			"from": [4.25, 4, 9],
			"to": [4.5, 4.25, 9.75],
			"rotation": {"angle": 0, "axis": "y", "origin": [12.25, 12, 17]},
			"faces": {
				"north": {"uv": [7.5, 7.25, 7.5625, 7.3125], "texture": "#0"},
				"east": {"uv": [7.5, 7.25, 7.6875, 7.3125], "texture": "#0"},
				"south": {"uv": [7.5, 7.25, 7.5625, 7.3125], "texture": "#0"},
				"west": {"uv": [7.5, 7.25, 7.6875, 7.3125], "texture": "#0"},
				"up": {"uv": [7.5, 7.25, 7.5625, 7.4375], "texture": "#0"},
				"down": {"uv": [7.5, 7.25, 7.5625, 7.4375], "texture": "#0"}
			}
		},
		{
			"name": "Wire Support Side",
			"from": [11.5, 4.25, 6.75],
			"to": [11.75, 4.5, 7],
			"rotation": {"angle": 0, "axis": "y", "origin": [19.5, 12.25, 14.75]},
			"faces": {
				"north": {"uv": [7.5, 7.25, 8.5, 7.5], "texture": "#0"},
				"east": {"uv": [7.5, 7.25, 8.5, 7.5], "texture": "#0"},
				"south": {"uv": [7.5, 7.25, 8.5, 7.5], "texture": "#0"},
				"west": {"uv": [7.5, 7.25, 8.5, 7.5], "texture": "#0"},
				"up": {"uv": [7.5, 7.25, 8.5, 7.5], "texture": "#0"},
				"down": {"uv": [7.5, 7.25, 8.5, 7.5], "texture": "#0"}
			}
		},
		{
			"name": "Wire Support Side",
			"from": [7, 4.25, 6.75],
			"to": [7.25, 4.5, 7],
			"rotation": {"angle": 0, "axis": "y", "origin": [15, 12.25, 14.75]},
			"faces": {
				"north": {"uv": [7.5, 7.25, 7.5625, 7.3125], "texture": "#0"},
				"east": {"uv": [7.5, 7.25, 7.5625, 7.3125], "texture": "#0"},
				"south": {"uv": [7.5, 7.25, 7.5625, 7.3125], "texture": "#0"},
				"west": {"uv": [7.5, 7.25, 7.5625, 7.3125], "texture": "#0"},
				"up": {"uv": [7.5, 7.25, 7.5625, 7.3125], "texture": "#0"},
				"down": {"uv": [7.5, 7.25, 7.5625, 7.3125], "texture": "#0"}
			}
		},
		{
			"name": "Wire Support Side",
			"from": [11.5, 4.25, 9.5],
			"to": [11.75, 4.5, 9.75],
			"rotation": {"angle": 0, "axis": "y", "origin": [19.5, 12.25, 17.5]},
			"faces": {
				"north": {"uv": [7.5, 7.25, 7.5625, 7.3125], "texture": "#0"},
				"east": {"uv": [7.5, 7.25, 7.5625, 7.3125], "texture": "#0"},
				"south": {"uv": [7.5, 7.25, 7.5625, 7.3125], "texture": "#0"},
				"west": {"uv": [7.5, 7.25, 7.5625, 7.3125], "texture": "#0"},
				"up": {"uv": [7.5, 7.25, 7.5625, 7.3125], "texture": "#0"},
				"down": {"uv": [7.5, 7.25, 7.5625, 7.3125], "texture": "#0"}
			}
		},
		{
			"name": "Wire Support Side",
			"from": [7, 4.25, 9.5],
			"to": [7.25, 4.5, 9.75],
			"rotation": {"angle": 0, "axis": "y", "origin": [15, 12.25, 17.5]},
			"faces": {
				"north": {"uv": [7.5, 7.25, 7.5625, 7.3125], "texture": "#0"},
				"east": {"uv": [7.5, 7.25, 7.5625, 7.3125], "texture": "#0"},
				"south": {"uv": [7.5, 7.25, 7.5625, 7.3125], "texture": "#0"},
				"west": {"uv": [7.5, 7.25, 7.5625, 7.3125], "texture": "#0"},
				"up": {"uv": [7.5, 7.25, 7.5625, 7.3125], "texture": "#0"},
				"down": {"uv": [7.5, 7.25, 7.5625, 7.3125], "texture": "#0"}
			}
		},
		{
			"name": "Wire Support Side",
			"from": [8.75, 4.25, 6.75],
			"to": [9, 4.5, 7],
			"rotation": {"angle": 0, "axis": "y", "origin": [16.75, 12.25, 14.75]},
			"faces": {
				"north": {"uv": [7.5, 7.25, 7.5625, 7.3125], "texture": "#0"},
				"east": {"uv": [7.5, 7.25, 7.5625, 7.3125], "texture": "#0"},
				"south": {"uv": [7.5, 7.25, 7.5625, 7.3125], "texture": "#0"},
				"west": {"uv": [7.5, 7.25, 7.5625, 7.3125], "texture": "#0"},
				"up": {"uv": [7.5, 7.25, 7.5625, 7.3125], "texture": "#0"},
				"down": {"uv": [7.5, 7.25, 7.5625, 7.3125], "texture": "#0"}
			}
		},
		{
			"name": "Wire Support Side",
			"from": [4.25, 4.25, 6.75],
			"to": [4.5, 4.5, 7],
			"rotation": {"angle": 0, "axis": "y", "origin": [12.25, 12.25, 14.75]},
			"faces": {
				"north": {"uv": [7.5, 7.25, 7.5625, 7.3125], "texture": "#0"},
				"east": {"uv": [7.5, 7.25, 7.5625, 7.3125], "texture": "#0"},
				"south": {"uv": [7.5, 7.25, 7.5625, 7.3125], "texture": "#0"},
				"west": {"uv": [7.5, 7.25, 7.5625, 7.3125], "texture": "#0"},
				"up": {"uv": [7.5, 7.25, 7.5625, 7.3125], "texture": "#0"},
				"down": {"uv": [7.5, 7.25, 7.5625, 7.3125], "texture": "#0"}
			}
		},
		{
			"name": "Wire Support Side",
			"from": [8.75, 4.25, 9.5],
			"to": [9, 4.5, 9.75],
			"rotation": {"angle": 0, "axis": "y", "origin": [16.75, 12.25, 17.5]},
			"faces": {
				"north": {"uv": [7.5, 7.25, 7.5625, 7.3125], "texture": "#0"},
				"east": {"uv": [7.5, 7.25, 7.5625, 7.3125], "texture": "#0"},
				"south": {"uv": [7.5, 7.25, 7.5625, 7.3125], "texture": "#0"},
				"west": {"uv": [7.5, 7.25, 7.5625, 7.3125], "texture": "#0"},
				"up": {"uv": [7.5, 7.25, 7.5625, 7.3125], "texture": "#0"},
				"down": {"uv": [7.5, 7.25, 7.5625, 7.3125], "texture": "#0"}
			}
		},
		{
			"name": "Wire Support Side",
			"from": [4.25, 4.25, 9.5],
			"to": [4.5, 4.5, 9.75],
			"rotation": {"angle": 0, "axis": "y", "origin": [12.25, 12.25, 17.5]},
			"faces": {
				"north": {"uv": [7.5, 7.25, 7.5625, 7.3125], "texture": "#0"},
				"east": {"uv": [7.5, 7.25, 7.5625, 7.3125], "texture": "#0"},
				"south": {"uv": [7.5, 7.25, 7.5625, 7.3125], "texture": "#0"},
				"west": {"uv": [7.5, 7.25, 7.5625, 7.3125], "texture": "#0"},
				"up": {"uv": [7.5, 7.25, 7.5625, 7.3125], "texture": "#0"},
				"down": {"uv": [7.5, 7.25, 7.5625, 7.3125], "texture": "#0"}
			}
		},
		{
			"name": "Wire Support Side",
			"from": [11.5, 4.25, 6.25],
			"to": [11.75, 4.5, 6.5],
			"rotation": {"angle": 0, "axis": "y", "origin": [19.5, 12.25, 14.25]},
			"faces": {
				"north": {"uv": [7.5, 7.25, 7.5625, 7.3125], "texture": "#0"},
				"east": {"uv": [7.5, 7.25, 7.5625, 7.3125], "texture": "#0"},
				"south": {"uv": [7.5, 7.25, 7.5625, 7.3125], "texture": "#0"},
				"west": {"uv": [7.5, 7.25, 7.5625, 7.3125], "texture": "#0"},
				"up": {"uv": [7.5, 7.25, 7.5625, 7.3125], "texture": "#0"},
				"down": {"uv": [7.5, 7.25, 7.5625, 7.3125], "texture": "#0"}
			}
		},
		{
			"name": "Wire Support Side",
			"from": [7, 4.25, 6.25],
			"to": [7.25, 4.5, 6.5],
			"rotation": {"angle": 0, "axis": "y", "origin": [15, 12.25, 14.25]},
			"faces": {
				"north": {"uv": [7.5, 7.25, 7.5625, 7.3125], "texture": "#0"},
				"east": {"uv": [7.5, 7.25, 7.5625, 7.3125], "texture": "#0"},
				"south": {"uv": [7.5, 7.25, 7.5625, 7.3125], "texture": "#0"},
				"west": {"uv": [7.5, 7.25, 7.5625, 7.3125], "texture": "#0"},
				"up": {"uv": [7.5, 7.25, 7.5625, 7.3125], "texture": "#0"},
				"down": {"uv": [7.5, 7.25, 7.5625, 7.3125], "texture": "#0"}
			}
		},
		{
			"name": "Wire Support Side",
			"from": [11.5, 4.25, 9],
			"to": [11.75, 4.5, 9.25],
			"rotation": {"angle": 0, "axis": "y", "origin": [19.5, 12.25, 17]},
			"faces": {
				"north": {"uv": [7.5, 7.25, 7.5625, 7.3125], "texture": "#0"},
				"east": {"uv": [7.5, 7.25, 7.5625, 7.3125], "texture": "#0"},
				"south": {"uv": [7.5, 7.25, 7.5625, 7.3125], "texture": "#0"},
				"west": {"uv": [7.5, 7.25, 7.5625, 7.3125], "texture": "#0"},
				"up": {"uv": [7.5, 7.25, 7.5625, 7.3125], "texture": "#0"},
				"down": {"uv": [7.5, 7.25, 7.5625, 7.3125], "texture": "#0"}
			}
		},
		{
			"name": "Wire Support Side",
			"from": [7, 4.25, 9],
			"to": [7.25, 4.5, 9.25],
			"rotation": {"angle": 0, "axis": "y", "origin": [15, 12.25, 17]},
			"faces": {
				"north": {"uv": [7.5, 7.25, 7.5625, 7.3125], "texture": "#0"},
				"east": {"uv": [7.5, 7.25, 7.5625, 7.3125], "texture": "#0"},
				"south": {"uv": [7.5, 7.25, 7.5625, 7.3125], "texture": "#0"},
				"west": {"uv": [7.5, 7.25, 7.5625, 7.3125], "texture": "#0"},
				"up": {"uv": [7.5, 7.25, 7.5625, 7.3125], "texture": "#0"},
				"down": {"uv": [7.5, 7.25, 7.5625, 7.3125], "texture": "#0"}
			}
		},
		{
			"name": "Wire Support Side",
			"from": [8.75, 4.25, 6.25],
			"to": [9, 4.5, 6.5],
			"rotation": {"angle": 0, "axis": "y", "origin": [16.75, 12.25, 14.25]},
			"faces": {
				"north": {"uv": [7.5, 7.25, 7.5625, 7.3125], "texture": "#0"},
				"east": {"uv": [7.5, 7.25, 7.5625, 7.3125], "texture": "#0"},
				"south": {"uv": [7.5, 7.25, 7.5625, 7.3125], "texture": "#0"},
				"west": {"uv": [7.5, 7.25, 7.5625, 7.3125], "texture": "#0"},
				"up": {"uv": [7.5, 7.25, 7.5625, 7.3125], "texture": "#0"},
				"down": {"uv": [7.5, 7.25, 7.5625, 7.3125], "texture": "#0"}
			}
		},
		{
			"name": "Wire Support Side",
			"from": [4.25, 4.25, 6.25],
			"to": [4.5, 4.5, 6.5],
			"rotation": {"angle": 0, "axis": "y", "origin": [12.25, 12.25, 14.25]},
			"faces": {
				"north": {"uv": [7.5, 7.25, 7.5625, 7.3125], "texture": "#0"},
				"east": {"uv": [7.5, 7.25, 7.5625, 7.3125], "texture": "#0"},
				"south": {"uv": [7.5, 7.25, 7.5625, 7.3125], "texture": "#0"},
				"west": {"uv": [7.5, 7.25, 7.5625, 7.3125], "texture": "#0"},
				"up": {"uv": [7.5, 7.25, 7.5625, 7.3125], "texture": "#0"},
				"down": {"uv": [7.5, 7.25, 7.5625, 7.3125], "texture": "#0"}
			}
		},
		{
			"name": "Wire Support Side",
			"from": [8.75, 4.25, 9],
			"to": [9, 4.5, 9.25],
			"rotation": {"angle": 0, "axis": "y", "origin": [16.75, 12.25, 17]},
			"faces": {
				"north": {"uv": [7.5, 7.25, 7.5625, 7.3125], "texture": "#0"},
				"east": {"uv": [7.5, 7.25, 7.5625, 7.3125], "texture": "#0"},
				"south": {"uv": [7.5, 7.25, 7.5625, 7.3125], "texture": "#0"},
				"west": {"uv": [7.5, 7.25, 7.5625, 7.3125], "texture": "#0"},
				"up": {"uv": [7.5, 7.25, 7.5625, 7.3125], "texture": "#0"},
				"down": {"uv": [7.5, 7.25, 7.5625, 7.3125], "texture": "#0"}
			}
		},
		{
			"name": "Wire Support Side",
			"from": [4.25, 4.25, 9],
			"to": [4.5, 4.5, 9.25],
			"rotation": {"angle": 0, "axis": "y", "origin": [12.25, 12.25, 17]},
			"faces": {
				"north": {"uv": [7.5, 7.25, 7.5625, 7.3125], "texture": "#0"},
				"east": {"uv": [7.5, 7.25, 7.5625, 7.3125], "texture": "#0"},
				"south": {"uv": [7.5, 7.25, 7.5625, 7.3125], "texture": "#0"},
				"west": {"uv": [7.5, 7.25, 7.5625, 7.3125], "texture": "#0"},
				"up": {"uv": [7.5, 7.25, 7.5625, 7.3125], "texture": "#0"},
				"down": {"uv": [7.5, 7.25, 7.5625, 7.3125], "texture": "#0"}
			}
		}
	],
	"display": {
		"thirdperson_righthand": {
			"rotation": [75, 315, 0],
			"translation": [0, 2.5, 0],
			"scale": [0.375, 0.375, 0.375]
		},
		"firstperson_righthand": {
			"rotation": [0, 315, 0],
			"translation": [0, 2.5, 0],
			"scale": [0.4, 0.4, 0.4]
		},
		"ground": {
			"translation": [0, 3, 0],
			"scale": [0.25, 0.25, 0.25]
		},
		"gui": {
			"rotation": [30, 45, 0],
			"scale": [0.625, 0.625, 0.625]
		},
		"head": {
			"rotation": [0, 180, 0]
		},
		"fixed": {
			"rotation": [-90, -180, 0],
			"translation": [0, 0, -8]
		}
	},
	"groups": [
		{
			"name": "Logistic Laser Inventory Node",
			"origin": [8, 8, 8],
			"children": [0, 1, 2, 3, 4, 5, 6, 7, 8, 9, 10, 11, 12, 13, 14]
		},
		{
			"name": "Redstone Wires",
			"origin": [8, 8, 8],
			"children": [15, 16, 17, 18, 19, 20]
		},
		{
			"name": "Redstone Wires Opposite",
			"origin": [8, 8, 8],
			"children": [21, 22, 23, 24, 25, 26]
		},
		{
			"name": "Wire Support",
			"origin": [8, 8, 8],
			"children": [27, 28, 29, 30, 31, 32, 33, 34, 35, 36, 37, 38, 39, 40, 41, 42, 43, 44, 45, 46, 47, 48, 49, 50]
		},
		{
			"name": "Wire Support Rotated",
			"origin": [8, 8, 8],
			"children": [51, 52, 53, 54, 55, 56, 57, 58, 59, 60, 61, 62, 63, 64, 65, 66, 67, 68, 69, 70, 71, 72, 73, 74]
		}
	]
}